age,tenure,monthly_charges,total_charges,num_products,contract_type,payment_method,internet_service,online_security,senior_citizen,target
58,6.0,78.94,473.64,2,Month-to-month,Mailed check,Fiber optic,Yes,0,0
52,55.0,90.91,5000.05,4,One year,Bank transfer,Fiber optic,Yes,0,1
66,47.0,93.68,4402.96,1,Two year,Mailed check,No,No,0,1
67,31.0,60.29,1868.99,2,Two year,Electronic check,DSL,No,0,0
54,31.0,61.62,1910.22,4,Month-to-month,Bank transfer,Fiber optic,Yes,1,0
37,61.0,83.99,5123.39,4,Month-to-month,Credit card,DSL,No,0,1
49,6.0,45.16,270.96,2,Two year,Electronic check,Fiber optic,No,0,0
40,50.0,86.99,4349.5,3,Two year,Electronic check,DSL,Yes,0,1
50,14.0,59.53,833.42,1,Month-to-month,Mailed check,DSL,No,0,1
60,6.0,29.27,175.62,1,One year,Electronic check,Fiber optic,Yes,0,1
37,37.0,25.76,953.12,2,Month-to-month,Credit card,DSL,No,0,0
44,70.0,87.36,6115.2,4,Month-to-month,Electronic check,DSL,Yes,0,1
20,52.0,24.45,1271.4,3,Month-to-month,Electronic check,No,No,0,1
56,54.0,42.45,2292.3,2,Month-to-month,Bank transfer,DSL,No,0,0
43,51.0,46.73,2383.23,2,Month-to-month,Bank transfer,Fiber optic,No,0,1
41,56.0,33.84,1895.04,1,Two year,Mailed check,Fiber optic,No,1,0
45,36.0,45.11,1623.96,2,Month-to-month,Electronic check,DSL,No,0,0
29,9.0,79.42,714.78,1,Month-to-month,Electronic check,Fiber optic,No,0,1
49,60.0,21.17,1270.2,1,Month-to-month,Bank transfer,DSL,No,0,0
56,32.0,86.17,2757.44,3,Month-to-month,Bank transfer,Fiber optic,Yes,0,1
36,36.0,88.52,3186.72,1,Month-to-month,Electronic check,DSL,Yes,0,0
24,26.0,49.78,1294.28,1,One year,Mailed check,DSL,Yes,0,1
38,13.0,32.29,419.77,3,Month-to-month,Electronic check,DSL,No,0,1
28,66.0,68.07,4492.62,2,One year,Electronic check,No,No,0,1
37,56.0,29.57,1655.92,2,Two year,Credit card,Fiber optic,Yes,0,0
50,46.0,49.19,2262.74,1,Month-to-month,Mailed check,No,Yes,1,0
23,28.0,96.67,2706.76,1,Two year,Credit card,Fiber optic,No,0,1
56,59.0,99.64,5878.76,2,Two year,Mailed check,Fiber optic,No,0,1
29,39.0,81.77,3189.03,3,Two year,Bank transfer,Fiber optic,No,1,1
64,31.0,44.88,1391.28,2,One year,Mailed check,No,Yes,0,1
56,32.0,75.01,2400.32,3,One year,Mailed check,Fiber optic,Yes,0,1
32,16.0,76.43,1222.88,3,One year,Mailed check,Fiber optic,Yes,1,0
47,6.0,51.03,306.18,2,One year,Mailed check,Fiber optic,No,0,1
23,39.0,71.27,2779.53,2,Month-to-month,Electronic check,Fiber optic,No,0,1
23,63.0,20.86,1314.18,2,Two year,Mailed check,DSL,No,1,0
67,4.0,36.72,146.88,1,One year,Credit card,Fiber optic,Yes,0,1
59,61.0,62.01,3782.61,3,One year,Credit card,DSL,Yes,0,1
26,59.0,33.1,1952.9,3,Month-to-month,Electronic check,No,No,0,0
32,19.0,33.27,632.13,2,Month-to-month,Mailed check,Fiber optic,No,0,1
28,45.0,86.9,3910.5,2,Month-to-month,Mailed check,No,Yes,0,0
38,11.0,99.13,1090.43,2,Month-to-month,Electronic check,Fiber optic,No,1,1
33,54.0,64.48,3481.92,3,Month-to-month,Electronic check,Fiber optic,No,0,1
35,50.0,87.13,4356.5,4,Month-to-month,Electronic check,DSL,Yes,0,0
45,25.0,99.23,2480.75,1,Month-to-month,Mailed check,No,No,0,1
27,4.0,31.33,125.32,2,Month-to-month,Mailed check,Fiber optic,No,0,1
63,69.0,55.86,3854.34,1,Month-to-month,Credit card,DSL,No,0,0
55,32.0,51.41,1645.12,2,Two year,Electronic check,DSL,Yes,1,1
57,64.0,26.4,1689.6,1,Month-to-month,Bank transfer,DSL,No,0,0
26,48.0,80.43,3860.64,2,Month-to-month,Mailed check,Fiber optic,Yes,0,0
54,56.0,54.7,3063.2,2,Month-to-month,Electronic check,Fiber optic,No,0,1
61,54.0,57.55,3107.7,2,Month-to-month,Mailed check,No,Yes,0,0
27,14.0,32.05,448.7,2,Month-to-month,Bank transfer,Fiber optic,No,0,1
57,26.0,34.47,896.22,4,One year,Electronic check,Fiber optic,No,0,0
36,33.0,92.57,3054.81,4,Two year,Credit card,Fiber optic,Yes,0,1
58,35.0,23.57,824.95,1,Month-to-month,Mailed check,No,Yes,0,1
42,3.0,38.63,115.89,2,One year,Credit card,No,Yes,1,1
59,39.0,43.36,1691.04,4,Month-to-month,Bank transfer,DSL,No,0,0
25,11.0,59.22,651.42,3,Month-to-month,Mailed check,No,No,0,1
38,53.0,66.92,3546.76,1,Month-to-month,Mailed check,Fiber optic,No,0,0
32,49.0,59.46,2913.54,3,Month-to-month,Bank transfer,No,Yes,0,1
30,66.0,26.73,1764.18,1,One year,Bank transfer,No,Yes,1,0
34,53.0,39.49,2092.97,1,One year,Credit card,Fiber optic,Yes,0,0
37,26.0,87.49,2274.74,3,One year,Mailed check,DSL,No,0,1
24,69.0,71.01,4899.69,3,Month-to-month,Credit card,Fiber optic,No,0,0
54,29.0,71.93,2085.97,4,One year,Credit card,DSL,Yes,1,1
46,23.0,73.62,1693.26,2,Month-to-month,Bank transfer,Fiber optic,Yes,0,1
61,65.0,81.03,5266.95,4,Month-to-month,Credit card,DSL,No,0,0
54,26.0,24.65,640.9,2,Month-to-month,Credit card,Fiber optic,No,0,0
25,5.0,49.33,246.65,3,One year,Electronic check,No,Yes,0,1
21,33.0,63.16,2084.28,1,Two year,Electronic check,DSL,No,1,0
39,57.0,47.08,2683.56,1,Month-to-month,Bank transfer,Fiber optic,Yes,0,0
43,13.0,87.56,1138.28,4,One year,Mailed check,Fiber optic,Yes,0,1
30,33.0,58.61,1934.13,4,One year,Electronic check,Fiber optic,Yes,0,0
58,9.0,81.49,733.41,4,Two year,Credit card,DSL,No,1,1
48,49.0,88.16,4319.84,2,Month-to-month,Electronic check,DSL,No,0,1
56,34.0,60.38,2052.92,1,One year,Electronic check,Fiber optic,Yes,0,0
23,23.0,92.76,2133.48,4,One year,Mailed check,Fiber optic,No,1,1
60,16.0,66.97,1071.52,3,Two year,Credit card,Fiber optic,No,0,1
28,40.0,88.02,3520.8,1,Month-to-month,Credit card,DSL,No,1,0
41,48.0,47.25,2268.0,4,Two year,Bank transfer,Fiber optic,No,0,0
40,67.0,59.91,4013.97,4,Month-to-month,Bank transfer,Fiber optic,Yes,0,0
60,31.0,62.51,1937.81,2,Two year,Mailed check,DSL,Yes,0,1
32,11.0,28.4,312.4,4,Month-to-month,Electronic check,Fiber optic,Yes,0,0
30,59.0,51.88,3060.92,4,Month-to-month,Electronic check,DSL,Yes,0,1
35,45.0,93.39,4202.55,3,Month-to-month,Electronic check,Fiber optic,Yes,0,1
36,50.0,70.47,3523.5,3,Month-to-month,Mailed check,No,Yes,1,1
27,7.0,34.2,239.4,2,Month-to-month,Bank transfer,Fiber optic,No,0,1
27,22.0,47.11,1036.42,4,Month-to-month,Credit card,Fiber optic,Yes,0,0
30,55.0,35.33,1943.15,4,Month-to-month,Credit card,DSL,Yes,0,0
42,59.0,21.99,1297.41,4,Month-to-month,Bank transfer,DSL,Yes,0,0
35,31.0,94.2,2920.2,3,One year,Electronic check,DSL,Yes,0,1
38,57.0,55.86,3184.02,1,Two year,Bank transfer,Fiber optic,No,0,0
55,60.0,44.6,2676.0,2,One year,Bank transfer,No,No,0,0
30,27.0,67.88,1832.76,2,Month-to-month,Bank transfer,DSL,Yes,0,0
65,64.0,20.59,1317.76,4,Month-to-month,Mailed check,DSL,No,0,0
57,20.0,42.24,844.8,3,Two year,Mailed check,DSL,No,0,1
27,17.0,76.24,1296.08,3,Month-to-month,Credit card,Fiber optic,No,1,1
34,49.0,70.7,3464.3,1,Month-to-month,Credit card,Fiber optic,Yes,0,1
27,45.0,98.54,4434.3,4,Two year,Credit card,Fiber optic,No,0,1
32,10.0,69.63,696.3,2,Two year,Mailed check,No,No,0,1
37,59.0,58.2,3433.8,1,Month-to-month,Bank transfer,DSL,No,0,1
24,14.0,80.91,1132.74,4,One year,Mailed check,Fiber optic,Yes,0,1
18,57.0,92.27,5259.39,1,Month-to-month,Electronic check,Fiber optic,No,1,1
40,0.0,77.66,0.0,1,One year,Electronic check,DSL,Yes,1,1
54,57.0,97.06,5532.42,1,Month-to-month,Bank transfer,No,Yes,0,0
33,56.0,82.56,4623.36,2,Month-to-month,Bank transfer,DSL,No,0,1
62,56.0,89.34,5003.04,1,One year,Credit card,Fiber optic,No,0,0
37,47.0,29.13,1369.11,4,Month-to-month,Electronic check,Fiber optic,Yes,0,1
64,33.0,78.59,2593.47,3,One year,Bank transfer,No,No,0,1
30,50.0,55.21,2760.5,2,Month-to-month,Bank transfer,Fiber optic,No,0,1
46,19.0,64.25,1220.75,1,Two year,Credit card,DSL,No,0,1
57,56.0,72.33,4050.48,2,Two year,Mailed check,No,Yes,0,1
21,40.0,97.59,3903.6,1,Month-to-month,Mailed check,Fiber optic,Yes,0,1
66,33.0,98.77,3259.41,4,One year,Bank transfer,Fiber optic,No,0,1
36,36.0,43.06,1550.16,2,Month-to-month,Electronic check,Fiber optic,No,0,0
43,40.0,78.7,3148.0,2,Month-to-month,Mailed check,DSL,No,0,1
50,2.0,80.0,160.0,1,Month-to-month,Electronic check,Fiber optic,No,0,1
51,10.0,47.72,477.2,1,Two year,Electronic check,No,No,1,0
19,17.0,29.91,508.47,1,Two year,Bank transfer,DSL,No,0,1
63,8.0,23.28,186.24,1,Two year,Electronic check,Fiber optic,Yes,0,1
50,31.0,82.19,2547.89,3,Two year,Electronic check,No,No,0,0
69,48.0,59.18,2840.64,4,Two year,Electronic check,Fiber optic,Yes,0,1
42,47.0,98.84,4645.48,4,Month-to-month,Electronic check,No,No,0,1
49,33.0,57.2,1887.6,2,Two year,Electronic check,Fiber optic,Yes,0,1
40,61.0,98.23,5992.03,4,One year,Credit card,No,No,0,1
64,40.0,52.93,2117.2,3,Month-to-month,Mailed check,DSL,Yes,0,0
61,5.0,83.49,417.45,1,One year,Mailed check,Fiber optic,Yes,0,1
65,55.0,26.79,1473.45,1,Month-to-month,Credit card,Fiber optic,Yes,0,0
44,41.0,64.44,2642.04,3,Month-to-month,Bank transfer,Fiber optic,Yes,0,1
59,45.0,84.16,3787.2,2,Month-to-month,Mailed check,No,No,0,0
36,40.0,93.98,3759.2,1,Month-to-month,Bank transfer,Fiber optic,Yes,0,1
41,39.0,85.81,3346.59,4,Month-to-month,Mailed check,Fiber optic,No,0,1
57,6.0,22.96,137.76,3,Two year,Mailed check,Fiber optic,No,0,0
22,40.0,49.82,1992.8,3,One year,Mailed check,Fiber optic,No,0,0
54,57.0,23.9,1362.3,4,Month-to-month,Credit card,Fiber optic,Yes,0,0
18,21.0,28.74,603.54,4,Month-to-month,Bank transfer,DSL,Yes,0,1
48,43.0,74.02,3182.86,4,Month-to-month,Electronic check,Fiber optic,Yes,0,1
42,2.0,77.06,154.12,2,Month-to-month,Mailed check,No,Yes,0,1
42,25.0,81.9,2047.5,4,Two year,Credit card,Fiber optic,Yes,0,1
43,31.0,89.24,2766.44,3,Month-to-month,Bank transfer,Fiber optic,No,0,1
43,70.0,79.15,5540.5,3,One year,Credit card,Fiber optic,Yes,0,1
39,15.0,84.07,1261.05,4,One year,Mailed check,Fiber optic,Yes,0,1
41,19.0,23.92,454.48,1,One year,Mailed check,DSL,Yes,0,1
47,29.0,38.76,1124.04,2,Two year,Credit card,Fiber optic,Yes,0,1
57,71.0,69.75,4952.25,1,Month-to-month,Credit card,Fiber optic,Yes,0,0
46,61.0,88.65,5407.65,2,Two year,Bank transfer,DSL,Yes,0,1
51,2.0,20.36,40.72,2,One year,Mailed check,DSL,No,0,1
61,16.0,61.17,978.72,4,One year,Bank transfer,Fiber optic,No,0,1
69,59.0,74.18,4376.62,4,One year,Bank transfer,Fiber optic,No,0,0
23,4.0,22.37,89.48,2,Two year,Bank transfer,Fiber optic,No,0,1
55,61.0,52.11,3178.71,2,Two year,Electronic check,DSL,No,1,0
29,20.0,91.65,1833.0,3,Month-to-month,Bank transfer,Fiber optic,Yes,0,0
28,66.0,73.73,4866.18,4,Two year,Credit card,Fiber optic,Yes,0,0
59,21.0,39.01,819.21,4,One year,Mailed check,Fiber optic,Yes,0,1
21,31.0,88.22,2734.82,1,Month-to-month,Bank transfer,Fiber optic,Yes,0,1
62,47.0,47.84,2248.48,1,Two year,Bank transfer,DSL,Yes,0,1
58,9.0,88.27,794.43,3,Month-to-month,Electronic check,No,Yes,1,1
69,40.0,43.92,1756.8,2,One year,Electronic check,DSL,Yes,0,0
52,36.0,67.23,2420.28,1,Month-to-month,Credit card,Fiber optic,No,0,0
63,56.0,51.76,2898.56,1,Month-to-month,Credit card,DSL,No,0,0
24,71.0,41.99,2981.29,2,Two year,Credit card,Fiber optic,No,0,0
64,47.0,90.92,4273.24,2,Month-to-month,Mailed check,DSL,Yes,0,0
26,29.0,35.01,1015.29,3,Month-to-month,Electronic check,No,Yes,0,1
34,29.0,26.78,776.62,1,Month-to-month,Mailed check,Fiber optic,No,0,0
24,30.0,47.35,1420.5,3,Month-to-month,Electronic check,Fiber optic,Yes,0,1
38,58.0,77.41,4489.78,3,Two year,Bank transfer,DSL,Yes,0,0
56,23.0,84.59,1945.57,2,Two year,Electronic check,DSL,Yes,0,1
31,12.0,99.9,1198.8,1,Month-to-month,Electronic check,Fiber optic,Yes,1,1
60,24.0,43.71,1049.04,3,One year,Bank transfer,Fiber optic,No,0,1
49,1.0,52.64,52.64,3,Month-to-month,Mailed check,Fiber optic,No,1,0
50,7.0,30.95,216.65,2,One year,Mailed check,No,Yes,0,1
66,6.0,65.99,395.94,2,Month-to-month,Mailed check,Fiber optic,Yes,1,1
40,55.0,99.81,5489.55,3,Month-to-month,Mailed check,No,No,0,1
35,52.0,76.07,3955.64,2,Month-to-month,Bank transfer,DSL,No,0,1
69,50.0,67.62,3381.0,2,One year,Credit card,Fiber optic,No,0,0
46,33.0,51.39,1695.87,2,Month-to-month,Bank transfer,Fiber optic,Yes,1,1
49,51.0,93.22,4754.22,2,Month-to-month,Electronic check,Fiber optic,No,0,1
33,11.0,59.75,657.25,3,Two year,Mailed check,No,No,0,0
29,64.0,30.75,1968.0,2,One year,Bank transfer,Fiber optic,No,0,1
26,36.0,49.23,1772.28,2,Month-to-month,Bank transfer,No,Yes,0,1
29,67.0,25.37,1699.79,3,Two year,Bank transfer,Fiber optic,No,1,0
28,10.0,36.16,361.6,2,Two year,Mailed check,DSL,Yes,0,0
56,35.0,21.41,749.35,1,Month-to-month,Credit card,Fiber optic,Yes,0,0
21,50.0,56.26,2813.0,4,One year,Bank transfer,Fiber optic,No,0,0
50,35.0,70.76,2476.6,1,Month-to-month,Credit card,No,No,0,1
67,32.0,47.46,1518.72,3,One year,Mailed check,No,Yes,0,1
57,11.0,53.63,589.93,2,Month-to-month,Bank transfer,DSL,Yes,0,0
38,27.0,96.74,2611.98,1,One year,Credit card,DSL,Yes,0,0
21,17.0,80.16,1362.72,1,Month-to-month,Bank transfer,DSL,Yes,0,1
61,21.0,63.27,1328.67,4,Month-to-month,Credit card,Fiber optic,No,1,1
18,49.0,42.76,2095.24,2,Two year,Bank transfer,DSL,Yes,0,0
53,45.0,91.76,4129.2,2,Month-to-month,Mailed check,Fiber optic,No,0,1
52,43.0,38.81,1668.83,3,Two year,Electronic check,Fiber optic,Yes,0,0
27,26.0,46.03,1196.78,1,Two year,Mailed check,No,No,1,0
56,69.0,92.73,6398.37,3,Two year,Electronic check,DSL,No,0,1
27,6.0,62.36,374.16,2,Month-to-month,Mailed check,Fiber optic,No,0,1
29,24.0,79.39,1905.36,3,Two year,Bank transfer,DSL,No,0,1
60,8.0,67.26,538.08,1,Month-to-month,Mailed check,No,No,1,1
68,24.0,72.28,1734.72,4,Month-to-month,Credit card,DSL,No,1,1
31,69.0,43.95,3032.55,1,Two year,Bank transfer,DSL,No,0,0
65,26.0,39.31,1022.06,3,One year,Electronic check,DSL,Yes,0,1
65,65.0,45.8,2977.0,3,Month-to-month,Bank transfer,No,No,0,0
58,35.0,32.44,1135.4,2,Month-to-month,Bank transfer,DSL,No,0,0
25,50.0,89.95,4497.5,1,Two year,Credit card,Fiber optic,Yes,0,1
33,32.0,42.66,1365.12,2,One year,Credit card,Fiber optic,No,0,1
53,19.0,64.92,1233.48,4,Month-to-month,Electronic check,Fiber optic,Yes,0,1
69,55.0,83.36,4584.8,4,Two year,Mailed check,DSL,No,1,1
60,69.0,82.71,5706.99,4,Month-to-month,Credit card,DSL,No,1,0
39,18.0,55.07,991.26,1,Month-to-month,Bank transfer,Fiber optic,No,0,1
30,56.0,58.1,3253.6,3,One year,Mailed check,DSL,No,0,1
67,18.0,99.58,1792.44,1,Two year,Mailed check,Fiber optic,Yes,0,1
32,51.0,73.97,3772.47,3,Month-to-month,Credit card,Fiber optic,Yes,0,0
35,56.0,85.17,4769.52,2,Month-to-month,Electronic check,Fiber optic,No,1,1
68,32.0,92.2,2950.4,3,Month-to-month,Credit card,DSL,Yes,0,1
47,53.0,83.01,4399.53,3,Two year,Credit card,Fiber optic,No,0,0
31,19.0,34.81,661.39,4,Month-to-month,Credit card,DSL,Yes,0,0
18,5.0,64.97,324.85,2,Month-to-month,Electronic check,Fiber optic,No,0,1
40,6.0,28.15,168.9,2,Two year,Credit card,DSL,No,1,0
69,32.0,72.23,2311.36,3,Month-to-month,Bank transfer,No,No,0,1
40,64.0,96.43,6171.52,1,One year,Credit card,Fiber optic,No,0,1
54,9.0,61.02,549.18,1,Month-to-month,Bank transfer,DSL,Yes,0,1
31,32.0,54.64,1748.48,3,Two year,Electronic check,DSL,Yes,0,1
58,50.0,22.87,1143.5,4,Month-to-month,Bank transfer,DSL,Yes,0,0
58,14.0,96.78,1354.92,3,Month-to-month,Bank transfer,DSL,No,1,1
49,51.0,28.24,1440.24,4,Month-to-month,Electronic check,DSL,No,0,0
58,22.0,23.29,512.38,1,One year,Electronic check,No,No,1,1
48,58.0,39.69,2302.02,2,One year,Credit card,Fiber optic,Yes,0,1
37,41.0,25.24,1034.84,3,Month-to-month,Mailed check,DSL,No,0,1
56,39.0,56.41,2199.99,2,Month-to-month,Mailed check,Fiber optic,Yes,1,0
61,12.0,61.29,735.48,1,Two year,Electronic check,DSL,Yes,0,1
61,33.0,45.01,1485.33,1,Month-to-month,Electronic check,No,Yes,0,0
29,61.0,24.08,1468.88,4,Month-to-month,Electronic check,DSL,No,1,0
53,1.0,28.93,28.93,3,One year,Bank transfer,Fiber optic,Yes,0,0
18,54.0,50.76,2741.04,2,Month-to-month,Bank transfer,Fiber optic,No,1,0
47,35.0,24.84,869.4,2,Month-to-month,Bank transfer,DSL,No,0,1
47,51.0,75.86,3868.86,1,Month-to-month,Credit card,DSL,No,1,0
36,47.0,36.56,1718.32,4,Month-to-month,Mailed check,Fiber optic,No,0,1
69,31.0,44.17,1369.27,1,Month-to-month,Bank transfer,No,Yes,0,0
63,22.0,51.53,1133.66,4,One year,Bank transfer,Fiber optic,Yes,1,0
20,45.0,53.33,2399.85,1,One year,Mailed check,Fiber optic,No,0,1
28,10.0,20.13,201.3,2,Month-to-month,Electronic check,Fiber optic,No,0,0
28,42.0,28.97,1216.74,2,Two year,Electronic check,No,No,0,0
64,6.0,89.02,534.12,4,Month-to-month,Credit card,Fiber optic,No,0,1
44,46.0,20.1,924.6,1,One year,Bank transfer,Fiber optic,Yes,1,1
55,45.0,60.65,2729.25,2,Month-to-month,Electronic check,Fiber optic,Yes,0,1
60,6.0,59.16,354.96,2,One year,Bank transfer,DSL,Yes,0,1
57,54.0,46.65,2519.1,2,Month-to-month,Credit card,No,Yes,0,0
22,29.0,54.51,1580.79,1,Month-to-month,Mailed check,DSL,No,1,1
25,56.0,82.45,4617.2,4,Month-to-month,Bank transfer,DSL,No,1,1
38,2.0,87.3,174.6,2,Month-to-month,Electronic check,No,No,1,1
35,12.0,40.83,489.96,2,Month-to-month,Bank transfer,DSL,No,0,1
56,35.0,45.8,1603.0,2,One year,Electronic check,DSL,Yes,0,1
26,13.0,39.4,512.2,4,Two year,Mailed check,DSL,No,0,0
37,23.0,58.39,1342.97,2,Month-to-month,Mailed check,Fiber optic,Yes,0,0
30,47.0,74.66,3509.02,2,Two year,Credit card,No,Yes,0,1
27,10.0,38.26,382.6,2,One year,Electronic check,DSL,Yes,0,1
26,48.0,46.46,2230.08,2,Two year,Mailed check,DSL,No,0,0
28,7.0,94.43,661.01,1,One year,Electronic check,Fiber optic,No,0,1
47,12.0,23.89,286.68,3,One year,Credit card,No,No,0,1
39,42.0,56.86,2388.12,1,Month-to-month,Credit card,DSL,No,0,1
40,57.0,76.92,4384.44,1,One year,Credit card,No,Yes,0,1
42,12.0,32.04,384.48,1,Two year,Credit card,No,Yes,1,1
56,21.0,23.79,499.59,2,Month-to-month,Mailed check,DSL,No,0,0
62,66.0,31.06,2049.96,4,Month-to-month,Mailed check,No,Yes,1,0
45,71.0,93.51,6639.21,3,Month-to-month,Electronic check,Fiber optic,No,0,1
51,41.0,20.74,850.34,4,Two year,Electronic check,Fiber optic,Yes,0,0
56,32.0,35.07,1122.24,2,Month-to-month,Mailed check,Fiber optic,Yes,0,0
53,24.0,22.5,540.0,4,One year,Bank transfer,No,Yes,0,0
24,44.0,28.85,1269.4,1,Two year,Bank transfer,Fiber optic,Yes,0,0
69,42.0,69.61,2923.62,3,Two year,Electronic check,Fiber optic,No,0,1
26,21.0,39.33,825.93,4,Month-to-month,Bank transfer,No,No,0,1
39,1.0,65.54,65.54,3,One year,Credit card,Fiber optic,No,1,1
51,10.0,67.22,672.2,4,Two year,Electronic check,No,No,0,1
38,69.0,87.95,6068.55,2,Month-to-month,Mailed check,No,Yes,0,0
30,30.0,20.38,611.4,1,One year,Credit card,DSL,Yes,0,0
66,34.0,88.27,3001.18,4,Month-to-month,Credit card,DSL,Yes,0,1
21,33.0,69.53,2294.49,1,One year,Bank transfer,Fiber optic,No,0,1
30,56.0,33.02,1849.12,4,Month-to-month,Mailed check,No,Yes,0,0
69,4.0,81.83,327.32,3,Month-to-month,Electronic check,DSL,Yes,0,1
55,5.0,88.44,442.2,4,Month-to-month,Electronic check,Fiber optic,No,0,1
22,19.0,40.34,766.46,2,Month-to-month,Electronic check,DSL,No,1,1
57,35.0,93.5,3272.5,4,Month-to-month,Bank transfer,Fiber optic,No,1,1
68,48.0,56.36,2705.28,1,One year,Electronic check,Fiber optic,Yes,0,0
23,35.0,68.27,2389.45,2,Month-to-month,Credit card,DSL,No,1,1
39,31.0,98.77,3061.87,1,Month-to-month,Credit card,No,No,0,1
42,67.0,48.92,3277.64,4,One year,Mailed check,DSL,Yes,0,0
24,11.0,85.05,935.55,3,One year,Electronic check,No,No,1,1
28,41.0,45.47,1864.27,4,Month-to-month,Credit card,DSL,No,0,0
27,39.0,83.94,3273.66,4,Two year,Bank transfer,No,Yes,0,0
27,34.0,68.06,2314.04,2,Month-to-month,Credit card,Fiber optic,Yes,0,0
38,58.0,37.31,2163.98,1,Two year,Electronic check,DSL,Yes,0,0
42,19.0,53.12,1009.28,4,Month-to-month,Mailed check,DSL,No,0,1
30,68.0,45.41,3087.88,2,One year,Bank transfer,DSL,Yes,0,0
33,23.0,26.25,603.75,1,Two year,Bank transfer,Fiber optic,No,0,0
27,39.0,22.39,873.21,4,Two year,Credit card,No,No,0,0
59,37.0,47.72,1765.64,4,One year,Bank transfer,Fiber optic,Yes,0,0
29,61.0,21.52,1312.72,2,One year,Bank transfer,Fiber optic,No,0,0
65,31.0,33.24,1030.44,4,Month-to-month,Credit card,Fiber optic,No,1,1
46,20.0,78.01,1560.2,1,One year,Bank transfer,Fiber optic,No,0,1
59,1.0,76.65,76.65,1,One year,Mailed check,Fiber optic,Yes,0,1
51,26.0,79.09,2056.34,2,Two year,Mailed check,Fiber optic,Yes,0,1
31,59.0,45.37,2676.83,3,Month-to-month,Bank transfer,Fiber optic,No,0,0
49,0.0,91.2,0.0,1,Month-to-month,Mailed check,No,Yes,0,1
32,64.0,67.51,4320.64,1,One year,Credit card,Fiber optic,Yes,0,0
24,39.0,30.08,1173.12,3,Month-to-month,Mailed check,DSL,No,0,0
31,10.0,31.5,315.0,4,Month-to-month,Bank transfer,DSL,Yes,0,0
32,21.0,75.45,1584.45,3,Month-to-month,Electronic check,Fiber optic,No,0,1
25,39.0,33.84,1319.76,4,One year,Credit card,DSL,Yes,1,0
19,22.0,60.58,1332.76,4,Month-to-month,Mailed check,No,Yes,0,1
67,7.0,99.34,695.38,3,Month-to-month,Bank transfer,Fiber optic,Yes,0,1
44,47.0,20.32,955.04,3,Month-to-month,Mailed check,Fiber optic,Yes,0,1
38,48.0,21.33,1023.84,4,Two year,Credit card,Fiber optic,Yes,0,0
66,8.0,99.45,795.6,2,One year,Electronic check,DSL,Yes,0,1
29,20.0,66.77,1335.4,1,Month-to-month,Credit card,No,Yes,0,1
38,17.0,30.15,512.55,4,Month-to-month,Mailed check,DSL,No,0,1
62,47.0,91.78,4313.66,2,One year,Bank transfer,Fiber optic,No,0,1
50,52.0,90.43,4702.36,4,Month-to-month,Electronic check,No,Yes,0,1
38,52.0,62.9,3270.8,2,One year,Mailed check,Fiber optic,Yes,0,1
31,67.0,69.74,4672.58,4,Month-to-month,Electronic check,No,Yes,0,1
19,55.0,41.85,2301.75,1,Two year,Credit card,Fiber optic,Yes,0,0
22,23.0,24.04,552.92,3,Month-to-month,Credit card,No,No,0,0
26,7.0,67.57,472.99,2,One year,Credit card,Fiber optic,No,1,0
58,44.0,43.58,1917.52,2,Month-to-month,Mailed check,Fiber optic,Yes,0,0
51,65.0,73.09,4750.85,2,Two year,Mailed check,DSL,No,0,1
40,70.0,86.9,6083.0,4,Two year,Bank transfer,DSL,No,0,0
58,16.0,21.45,343.2,2,One year,Mailed check,Fiber optic,Yes,0,0
26,17.0,67.66,1150.22,4,Month-to-month,Credit card,DSL,No,0,1
28,2.0,38.5,77.0,2,Month-to-month,Electronic check,Fiber optic,Yes,0,0
38,10.0,89.91,899.1,1,Two year,Bank transfer,No,No,0,1
65,39.0,40.29,1571.31,4,One year,Credit card,No,No,0,0
49,39.0,68.86,2685.54,1,Month-to-month,Bank transfer,DSL,Yes,0,1
62,26.0,64.28,1671.28,2,Month-to-month,Bank transfer,No,No,0,1
30,22.0,51.69,1137.18,4,Month-to-month,Bank transfer,DSL,No,0,1
62,59.0,74.21,4378.39,4,Two year,Credit card,Fiber optic,Yes,0,0
21,33.0,78.06,2575.98,4,One year,Bank transfer,No,Yes,0,1
29,58.0,65.36,3790.88,2,One year,Credit card,DSL,No,0,1
45,69.0,80.67,5566.23,4,One year,Mailed check,DSL,Yes,1,1
20,22.0,98.67,2170.74,2,Month-to-month,Bank transfer,DSL,Yes,0,1
62,14.0,53.54,749.56,3,Month-to-month,Credit card,Fiber optic,No,0,0
63,68.0,61.17,4159.56,3,Month-to-month,Electronic check,No,Yes,0,0
46,45.0,21.0,945.0,1,One year,Mailed check,DSL,No,0,0
33,20.0,83.68,1673.6,2,Month-to-month,Bank transfer,DSL,No,0,0
23,44.0,61.62,2711.28,2,Month-to-month,Mailed check,Fiber optic,No,0,0
50,37.0,52.64,1947.68,2,Month-to-month,Electronic check,DSL,No,0,1
45,65.0,27.53,1789.45,2,Month-to-month,Electronic check,Fiber optic,No,0,0
57,18.0,91.17,1641.06,3,One year,Bank transfer,No,No,1,1
49,71.0,51.6,3663.6,1,Month-to-month,Credit card,Fiber optic,No,1,0
24,67.0,74.61,4998.87,1,Month-to-month,Bank transfer,No,Yes,0,0
24,13.0,31.95,415.35,4,One year,Mailed check,Fiber optic,No,0,1
58,11.0,96.92,1066.12,2,Month-to-month,Mailed check,No,Yes,0,0
26,38.0,34.28,1302.64,3,Month-to-month,Mailed check,DSL,No,1,0
66,3.0,35.96,107.88,3,Month-to-month,Mailed check,DSL,Yes,1,1
23,21.0,88.72,1863.12,3,Two year,Bank transfer,Fiber optic,Yes,0,1
55,31.0,93.01,2883.31,2,Month-to-month,Bank transfer,DSL,Yes,0,1
68,69.0,36.97,2550.93,2,One year,Mailed check,No,No,0,1
40,71.0,57.58,4088.18,4,Two year,Electronic check,Fiber optic,Yes,0,0
20,10.0,78.68,786.8,4,One year,Bank transfer,No,Yes,0,1
63,64.0,90.27,5777.28,2,Month-to-month,Bank transfer,DSL,No,0,1
27,6.0,50.32,301.92,3,One year,Mailed check,Fiber optic,No,0,1
45,53.0,61.36,3252.08,4,Month-to-month,Credit card,Fiber optic,No,0,1
69,60.0,79.34,4760.4,1,Month-to-month,Credit card,DSL,Yes,0,1
56,64.0,78.49,5023.36,4,Month-to-month,Electronic check,Fiber optic,No,0,0
20,16.0,82.64,1322.24,2,Month-to-month,Credit card,Fiber optic,No,0,1
60,64.0,65.59,4197.76,4,Month-to-month,Credit card,No,Yes,0,1
26,8.0,28.37,226.96,3,Month-to-month,Mailed check,Fiber optic,No,0,1
56,37.0,92.32,3415.84,4,Month-to-month,Bank transfer,DSL,Yes,0,1
50,33.0,89.25,2945.25,1,Month-to-month,Electronic check,Fiber optic,Yes,0,1
32,22.0,83.85,1844.7,1,One year,Bank transfer,Fiber optic,No,0,1
40,1.0,27.99,27.99,4,Two year,Credit card,DSL,Yes,0,1
24,55.0,36.35,1999.25,3,Month-to-month,Credit card,Fiber optic,Yes,0,0
69,24.0,79.49,1907.76,3,One year,Mailed check,DSL,Yes,0,1
30,47.0,21.85,1026.95,1,Month-to-month,Credit card,DSL,No,0,0
34,29.0,98.34,2851.86,1,Month-to-month,Electronic check,Fiber optic,Yes,0,1
44,26.0,50.17,1304.42,4,Month-to-month,Bank transfer,DSL,Yes,0,1
52,63.0,77.55,4885.65,2,Month-to-month,Bank transfer,Fiber optic,No,0,1
44,6.0,91.01,546.06,3,Month-to-month,Mailed check,DSL,No,0,1
44,53.0,51.57,2733.21,2,Month-to-month,Electronic check,Fiber optic,Yes,0,1
48,53.0,45.53,2413.09,2,Month-to-month,Electronic check,DSL,No,0,0
62,27.0,68.7,1854.9,1,Month-to-month,Bank transfer,No,Yes,0,1
38,18.0,66.48,1196.64,4,Month-to-month,Bank transfer,DSL,No,0,1
61,0.0,52.73,0.0,4,Month-to-month,Electronic check,Fiber optic,No,0,1
58,67.0,68.14,4565.38,1,Month-to-month,Credit card,DSL,No,0,0
67,68.0,94.83,6448.44,2,Month-to-month,Credit card,DSL,Yes,0,1
65,17.0,57.41,975.97,3,Month-to-month,Electronic check,Fiber optic,No,1,0
59,2.0,35.74,71.48,2,Month-to-month,Electronic check,No,No,0,0
30,8.0,50.18,401.44,3,Month-to-month,Credit card,No,Yes,0,0
58,4.0,51.53,206.12,2,Month-to-month,Mailed check,DSL,Yes,0,1
56,59.0,30.49,1798.91,1,Two year,Electronic check,DSL,No,0,0
33,64.0,33.03,2113.92,2,Month-to-month,Credit card,Fiber optic,Yes,1,0
53,11.0,74.76,822.36,3,Month-to-month,Mailed check,Fiber optic,No,0,1
31,53.0,47.16,2499.48,1,Month-to-month,Mailed check,DSL,Yes,1,0
45,12.0,96.39,1156.68,4,Two year,Bank transfer,Fiber optic,No,0,1
59,26.0,39.49,1026.74,1,One year,Bank transfer,Fiber optic,No,0,1
27,43.0,27.91,1200.13,1,One year,Bank transfer,Fiber optic,Yes,1,1
35,51.0,80.28,4094.28,3,Two year,Electronic check,Fiber optic,Yes,0,1
59,62.0,90.48,5609.76,3,Month-to-month,Credit card,Fiber optic,Yes,0,1
41,3.0,42.25,126.75,2,Two year,Bank transfer,DSL,No,0,0
67,14.0,36.17,506.38,2,Month-to-month,Credit card,Fiber optic,No,1,1
18,20.0,34.86,697.2,1,One year,Credit card,DSL,Yes,0,0
55,22.0,61.76,1358.72,3,Month-to-month,Bank transfer,Fiber optic,No,0,0
60,71.0,57.47,4080.37,2,Month-to-month,Electronic check,Fiber optic,No,1,0
65,55.0,40.76,2241.8,1,Two year,Mailed check,Fiber optic,Yes,0,0
26,23.0,23.61,543.03,2,Month-to-month,Credit card,DSL,No,0,0
69,69.0,58.52,4037.88,4,Two year,Credit card,DSL,Yes,0,0
38,35.0,96.75,3386.25,2,Month-to-month,Bank transfer,Fiber optic,No,0,1
36,36.0,72.2,2599.2,4,One year,Electronic check,Fiber optic,Yes,1,0
36,31.0,59.64,1848.84,2,Two year,Mailed check,No,Yes,0,0
51,10.0,28.86,288.6,1,Month-to-month,Electronic check,Fiber optic,Yes,0,0
52,67.0,40.19,2692.73,2,Two year,Electronic check,No,Yes,0,0
42,1.0,43.58,43.58,2,One year,Credit card,DSL,Yes,0,1
21,12.0,81.18,974.16,1,One year,Credit card,Fiber optic,No,1,1
69,16.0,90.14,1442.24,3,Month-to-month,Credit card,DSL,Yes,0,1
29,20.0,92.13,1842.6,2,Month-to-month,Electronic check,Fiber optic,No,0,1
22,9.0,98.77,888.93,3,One year,Bank transfer,DSL,Yes,0,1
49,1.0,98.59,98.59,2,Month-to-month,Credit card,DSL,Yes,0,1
39,48.0,96.24,4619.52,2,Month-to-month,Electronic check,Fiber optic,No,0,0
50,69.0,25.75,1776.75,2,Month-to-month,Mailed check,Fiber optic,Yes,0,0
63,8.0,31.02,248.16,1,Two year,Bank transfer,DSL,Yes,0,0
23,21.0,44.36,931.56,3,Month-to-month,Mailed check,DSL,No,1,1
32,36.0,64.23,2312.28,1,One year,Electronic check,Fiber optic,Yes,0,1
44,66.0,27.76,1832.16,3,Two year,Electronic check,DSL,No,0,0
58,49.0,87.66,4295.34,4,Month-to-month,Mailed check,DSL,Yes,0,0
49,55.0,69.34,3813.7,4,Month-to-month,Credit card,Fiber optic,No,0,1
37,41.0,63.39,2598.99,2,One year,Mailed check,DSL,Yes,0,1
49,30.0,33.22,996.6,2,Month-to-month,Mailed check,Fiber optic,Yes,0,1
68,14.0,40.26,563.64,4,One year,Mailed check,Fiber optic,No,0,1
42,62.0,32.82,2034.84,2,One year,Electronic check,DSL,No,0,0
63,57.0,88.15,5024.55,2,One year,Mailed check,DSL,No,0,0
58,1.0,66.74,66.74,4,Month-to-month,Mailed check,DSL,Yes,1,1
33,51.0,78.81,4019.31,4,One year,Mailed check,DSL,Yes,0,0
30,6.0,43.68,262.08,4,One year,Mailed check,DSL,No,1,1
58,53.0,49.7,2634.1,1,Month-to-month,Mailed check,No,Yes,0,0
28,59.0,52.39,3091.01,4,One year,Bank transfer,No,Yes,0,0
35,9.0,80.8,727.2,1,Two year,Electronic check,Fiber optic,Yes,0,1
30,31.0,81.79,2535.49,3,One year,Bank transfer,Fiber optic,No,0,1
49,8.0,36.55,292.4,4,Month-to-month,Mailed check,Fiber optic,Yes,0,0
33,40.0,95.32,3812.8,3,Month-to-month,Mailed check,No,Yes,0,0
52,66.0,29.65,1956.9,4,Month-to-month,Mailed check,DSL,Yes,0,0
66,5.0,91.69,458.45,2,Month-to-month,Electronic check,DSL,Yes,0,1
61,28.0,28.03,784.84,2,Month-to-month,Bank transfer,DSL,Yes,1,1
67,70.0,41.16,2881.2,2,Two year,Credit card,DSL,Yes,0,0
19,21.0,87.72,1842.12,2,Month-to-month,Electronic check,DSL,Yes,0,1
41,9.0,34.36,309.24,3,Two year,Electronic check,No,Yes,0,1
29,35.0,53.09,1858.15,2,Month-to-month,Electronic check,No,No,0,0
65,36.0,55.99,2015.64,3,Month-to-month,Electronic check,DSL,No,0,1
55,47.0,39.62,1862.14,2,Month-to-month,Mailed check,Fiber optic,Yes,0,0
34,22.0,76.82,1690.04,2,Month-to-month,Credit card,Fiber optic,Yes,0,1
47,68.0,88.11,5991.48,1,One year,Bank transfer,Fiber optic,Yes,0,0
49,37.0,89.97,3328.89,3,Two year,Electronic check,Fiber optic,Yes,0,1
43,20.0,47.15,943.0,4,Two year,Mailed check,DSL,Yes,0,0
42,69.0,62.47,4310.43,4,Month-to-month,Mailed check,No,No,0,0
20,66.0,39.87,2631.42,2,One year,Mailed check,No,Yes,0,0
41,35.0,39.58,1385.3,2,Month-to-month,Mailed check,Fiber optic,No,0,1
36,1.0,32.9,32.9,3,Two year,Mailed check,Fiber optic,Yes,0,1
60,42.0,95.2,3998.4,3,Month-to-month,Electronic check,Fiber optic,Yes,0,1
62,39.0,91.04,3550.56,1,Month-to-month,Credit card,DSL,Yes,0,1
57,10.0,82.19,821.9,3,Month-to-month,Electronic check,DSL,Yes,0,1
19,45.0,61.41,2763.45,1,Month-to-month,Electronic check,Fiber optic,Yes,0,0
61,60.0,59.25,3555.0,1,Month-to-month,Credit card,DSL,Yes,0,0
38,7.0,62.38,436.66,3,Two year,Mailed check,No,Yes,0,0
39,52.0,62.93,3272.36,1,One year,Electronic check,Fiber optic,No,0,1
67,10.0,54.77,547.7,2,Two year,Mailed check,Fiber optic,No,0,1
63,53.0,30.54,1618.62,3,Month-to-month,Credit card,DSL,Yes,0,0
20,30.0,30.05,901.5,3,One year,Mailed check,No,No,0,1
36,0.0,96.18,0.0,2,Month-to-month,Bank transfer,DSL,Yes,0,1
56,69.0,58.56,4040.64,1,Month-to-month,Electronic check,DSL,Yes,0,0
46,11.0,96.26,1058.86,4,Month-to-month,Electronic check,DSL,Yes,0,1
31,42.0,33.09,1389.78,4,Month-to-month,Electronic check,Fiber optic,Yes,0,1
45,13.0,64.35,836.55,4,One year,Mailed check,No,No,0,1
63,67.0,36.62,2453.54,3,Month-to-month,Credit card,DSL,No,0,0
29,53.0,40.25,2133.25,2,Month-to-month,Electronic check,No,No,0,0
56,57.0,22.4,1276.8,4,One year,Mailed check,DSL,No,0,0
56,31.0,29.52,915.12,2,Month-to-month,Credit card,Fiber optic,No,0,1
64,33.0,93.35,3080.55,1,Two year,Bank transfer,DSL,Yes,1,0
33,45.0,45.72,2057.4,4,Month-to-month,Bank transfer,Fiber optic,Yes,1,0
29,56.0,68.65,3844.4,2,Two year,Electronic check,Fiber optic,Yes,0,1
46,60.0,57.2,3432.0,4,One year,Mailed check,Fiber optic,No,0,0
45,1.0,52.04,52.04,2,One year,Mailed check,DSL,Yes,0,1
39,47.0,62.55,2939.85,4,One year,Mailed check,No,No,0,0
58,7.0,34.98,244.86,3,Two year,Bank transfer,No,No,0,0
59,20.0,99.09,1981.8,2,One year,Electronic check,Fiber optic,Yes,0,0
30,59.0,85.46,5042.14,2,Month-to-month,Credit card,Fiber optic,Yes,0,0
59,18.0,79.33,1427.94,4,Month-to-month,Bank transfer,Fiber optic,No,0,1
29,57.0,57.5,3277.5,1,One year,Credit card,DSL,Yes,0,0
39,33.0,32.23,1063.59,2,Month-to-month,Credit card,No,Yes,0,1
19,16.0,93.65,1498.4,2,Month-to-month,Mailed check,DSL,Yes,0,1
35,24.0,47.31,1135.44,3,Month-to-month,Mailed check,Fiber optic,No,0,1
67,38.0,24.01,912.38,2,Month-to-month,Electronic check,DSL,Yes,0,1
41,55.0,47.39,2606.45,3,Month-to-month,Credit card,DSL,No,1,1
54,43.0,83.56,3593.08,2,One year,Credit card,Fiber optic,Yes,0,1
23,67.0,69.82,4677.94,1,One year,Credit card,Fiber optic,No,0,1
51,62.0,80.07,4964.34,1,Two year,Electronic check,No,No,0,1
37,54.0,83.49,4508.46,3,Month-to-month,Credit card,No,Yes,1,0
56,43.0,36.96,1589.28,2,Month-to-month,Bank transfer,DSL,No,1,0
66,20.0,93.9,1878.0,2,One year,Mailed check,DSL,Yes,0,1
45,29.0,55.04,1596.16,3,Month-to-month,Mailed check,Fiber optic,Yes,0,0
23,8.0,71.12,568.96,2,One year,Mailed check,Fiber optic,No,0,1
42,26.0,20.18,524.68,2,Month-to-month,Bank transfer,Fiber optic,Yes,0,1
24,66.0,99.47,6565.02,1,Two year,Electronic check,No,No,1,0
41,30.0,42.47,1274.1,2,Month-to-month,Credit card,Fiber optic,No,0,0
21,8.0,24.97,199.76,3,Two year,Mailed check,DSL,Yes,0,0
51,46.0,56.66,2606.36,3,One year,Credit card,Fiber optic,Yes,0,0
34,69.0,30.32,2092.08,4,Month-to-month,Electronic check,Fiber optic,No,0,0
28,62.0,32.19,1995.78,4,One year,Electronic check,Fiber optic,Yes,0,0
18,19.0,70.58,1341.02,1,Month-to-month,Mailed check,DSL,Yes,0,0
64,32.0,51.43,1645.76,2,One year,Bank transfer,Fiber optic,Yes,0,1
61,38.0,93.75,3562.5,2,One year,Credit card,Fiber optic,Yes,0,0
60,17.0,45.53,774.01,3,Month-to-month,Mailed check,DSL,No,1,1
21,19.0,78.09,1483.71,2,Month-to-month,Electronic check,Fiber optic,Yes,0,1
36,17.0,56.89,967.13,4,One year,Bank transfer,DSL,No,1,1
68,71.0,72.8,5168.8,2,Month-to-month,Bank transfer,Fiber optic,No,0,1
48,53.0,67.98,3602.94,3,Two year,Bank transfer,Fiber optic,No,0,0
24,60.0,57.82,3469.2,1,One year,Bank transfer,No,No,0,1
25,58.0,96.0,5568.0,4,One year,Bank transfer,DSL,No,0,0
31,69.0,47.42,3271.98,4,Month-to-month,Bank transfer,DSL,Yes,0,0
68,7.0,34.18,239.26,4,One year,Bank transfer,DSL,Yes,0,0
26,63.0,74.25,4677.75,2,Two year,Credit card,Fiber optic,No,0,1
64,4.0,87.68,350.72,1,Month-to-month,Mailed check,DSL,Yes,0,1
53,34.0,23.22,789.48,3,Month-to-month,Credit card,Fiber optic,No,0,1
65,42.0,55.97,2350.74,2,Month-to-month,Credit card,DSL,Yes,1,0
60,25.0,91.4,2285.0,4,Month-to-month,Credit card,DSL,No,1,0
35,10.0,79.97,799.7,3,One year,Mailed check,Fiber optic,No,1,0
61,13.0,99.34,1291.42,3,Month-to-month,Bank transfer,Fiber optic,Yes,0,1
26,59.0,62.51,3688.09,4,One year,Bank transfer,No,No,1,0
33,22.0,72.8,1601.6,4,Month-to-month,Bank transfer,Fiber optic,Yes,1,1
29,22.0,44.2,972.4,2,Month-to-month,Credit card,Fiber optic,Yes,1,1
24,66.0,95.8,6322.8,1,Month-to-month,Bank transfer,Fiber optic,No,0,0
22,10.0,49.31,493.1,1,Two year,Credit card,Fiber optic,No,0,1
27,65.0,79.08,5140.2,2,One year,Mailed check,DSL,No,1,0
24,66.0,52.25,3448.5,3,Month-to-month,Credit card,Fiber optic,Yes,0,0
37,43.0,64.95,2792.85,1,One year,Bank transfer,Fiber optic,Yes,0,1
21,11.0,77.58,853.38,1,Month-to-month,Mailed check,DSL,Yes,0,1
21,11.0,60.71,667.81,3,Month-to-month,Mailed check,Fiber optic,No,0,1
69,20.0,92.57,1851.4,4,Month-to-month,Electronic check,Fiber optic,Yes,0,1
22,41.0,53.54,2195.14,1,Two year,Credit card,Fiber optic,No,1,1
21,11.0,71.77,789.47,3,One year,Bank transfer,DSL,No,1,1
19,32.0,47.39,1516.48,1,One year,Credit card,Fiber optic,Yes,1,1
24,8.0,52.65,421.2,3,Month-to-month,Electronic check,No,No,0,1
45,38.0,55.2,2097.6,4,Month-to-month,Bank transfer,DSL,Yes,0,0
61,1.0,30.06,30.06,4,One year,Electronic check,Fiber optic,Yes,0,0
56,51.0,27.34,1394.34,3,Month-to-month,Electronic check,DSL,Yes,0,0
48,3.0,73.4,220.2,3,Two year,Mailed check,DSL,No,0,1
22,14.0,72.44,1014.16,4,One year,Bank transfer,No,No,0,1
58,12.0,73.03,876.36,3,Month-to-month,Mailed check,Fiber optic,No,1,1
19,59.0,21.58,1273.22,2,One year,Bank transfer,Fiber optic,No,0,0
50,3.0,46.12,138.36,4,Two year,Electronic check,DSL,No,0,0
39,30.0,35.82,1074.6,3,Month-to-month,Electronic check,No,No,0,1
63,42.0,82.25,3454.5,4,One year,Mailed check,DSL,No,0,1
33,37.0,88.85,3287.45,3,Two year,Bank transfer,Fiber optic,Yes,0,1
51,49.0,39.73,1946.77,4,Month-to-month,Mailed check,DSL,Yes,0,1
40,57.0,73.43,4185.51,1,Two year,Bank transfer,DSL,No,0,0
45,28.0,30.35,849.8,1,Month-to-month,Bank transfer,Fiber optic,No,0,1
66,59.0,42.01,2478.59,1,One year,Bank transfer,DSL,No,1,0
55,22.0,31.09,683.98,3,One year,Electronic check,Fiber optic,No,0,1
39,70.0,42.68,2987.6,3,One year,Electronic check,DSL,No,0,1
41,36.0,73.98,2663.28,1,Month-to-month,Credit card,Fiber optic,No,0,1
54,52.0,92.83,4827.16,1,One year,Mailed check,Fiber optic,No,0,0
35,63.0,36.2,2280.6,4,Month-to-month,Mailed check,Fiber optic,Yes,0,1
26,57.0,63.37,3612.09,4,Month-to-month,Credit card,DSL,No,0,0
42,61.0,76.11,4642.71,3,Month-to-month,Mailed check,Fiber optic,No,1,1
21,38.0,96.23,3656.74,2,One year,Electronic check,No,No,0,1
26,3.0,68.8,206.4,2,Month-to-month,Credit card,DSL,No,0,1
39,35.0,40.41,1414.35,1,Month-to-month,Bank transfer,DSL,Yes,0,1
59,13.0,70.04,910.52,1,Two year,Mailed check,No,Yes,0,1
58,64.0,45.64,2920.96,4,Month-to-month,Bank transfer,DSL,No,0,0
31,17.0,98.09,1667.53,2,Month-to-month,Mailed check,Fiber optic,No,1,1
39,16.0,51.97,831.52,3,Month-to-month,Bank transfer,Fiber optic,Yes,0,0
25,17.0,74.83,1272.11,3,Month-to-month,Credit card,DSL,Yes,0,0
57,46.0,21.86,1005.56,2,One year,Bank transfer,Fiber optic,No,0,0
30,41.0,52.0,2132.0,1,Month-to-month,Electronic check,Fiber optic,Yes,0,0
59,68.0,90.01,6120.68,3,Month-to-month,Electronic check,DSL,No,1,0
61,29.0,68.82,1995.78,1,Two year,Mailed check,No,Yes,0,1
53,20.0,55.52,1110.4,2,Two year,Credit card,DSL,Yes,0,1
35,3.0,94.87,284.61,4,One year,Mailed check,Fiber optic,No,0,1
67,0.0,88.32,0.0,3,Two year,Electronic check,No,No,0,1
53,26.0,45.78,1190.28,4,Two year,Credit card,DSL,No,0,1
51,66.0,63.56,4194.96,1,Month-to-month,Mailed check,No,No,0,1
62,37.0,59.19,2190.03,1,One year,Bank transfer,DSL,Yes,0,0
63,64.0,70.58,4517.12,2,One year,Electronic check,Fiber optic,No,0,1
22,7.0,46.73,327.11,2,Month-to-month,Electronic check,DSL,No,1,0
63,6.0,39.54,237.24,1,Month-to-month,Credit card,Fiber optic,No,0,0
57,60.0,93.01,5580.6,4,Month-to-month,Credit card,Fiber optic,Yes,0,0
28,7.0,93.91,657.37,1,One year,Electronic check,No,No,0,1
33,3.0,87.47,262.41,3,One year,Bank transfer,No,Yes,0,1
57,29.0,98.26,2849.54,3,One year,Credit card,Fiber optic,No,0,1
29,66.0,79.6,5253.6,3,Month-to-month,Credit card,Fiber optic,No,0,0
41,49.0,81.17,3977.33,1,Month-to-month,Mailed check,Fiber optic,Yes,0,0
53,7.0,81.01,567.07,2,Month-to-month,Credit card,No,No,0,1
51,60.0,58.45,3507.0,3,Month-to-month,Credit card,Fiber optic,No,0,1
65,60.0,56.52,3391.2,2,Two year,Electronic check,No,No,0,1
23,57.0,39.22,2235.54,3,Two year,Credit card,DSL,No,0,0
33,64.0,71.59,4581.76,1,Two year,Electronic check,Fiber optic,No,0,0
69,17.0,43.15,733.55,1,Two year,Electronic check,Fiber optic,Yes,0,0
47,70.0,40.62,2843.4,3,Two year,Electronic check,DSL,No,0,0
30,23.0,66.88,1538.24,3,Month-to-month,Bank transfer,DSL,No,1,1
33,57.0,52.8,3009.6,1,Month-to-month,Mailed check,No,Yes,0,1
35,41.0,37.51,1537.91,4,Month-to-month,Electronic check,Fiber optic,Yes,0,0
46,56.0,85.28,4775.68,1,Month-to-month,Bank transfer,DSL,Yes,0,1
32,45.0,88.85,3998.25,4,Month-to-month,Credit card,DSL,No,0,1
50,46.0,33.42,1537.32,3,Month-to-month,Bank transfer,Fiber optic,Yes,0,1
41,44.0,20.6,906.4,4,Two year,Credit card,Fiber optic,No,0,0
49,56.0,46.89,2625.84,4,Month-to-month,Credit card,No,No,0,1
26,53.0,83.8,4441.4,2,Two year,Bank transfer,No,Yes,1,1
50,9.0,87.13,784.17,4,One year,Credit card,Fiber optic,No,1,1
66,59.0,31.07,1833.13,1,One year,Credit card,Fiber optic,No,0,0
25,38.0,81.95,3114.1,2,One year,Bank transfer,DSL,No,1,1
35,23.0,29.26,672.98,1,Month-to-month,Electronic check,No,No,1,0
54,37.0,51.21,1894.77,2,One year,Credit card,DSL,Yes,0,0
50,69.0,99.89,6892.41,4,Month-to-month,Bank transfer,DSL,Yes,0,1
53,61.0,35.41,2160.01,2,Two year,Credit card,No,Yes,0,1
47,60.0,32.32,1939.2,1,Month-to-month,Credit card,No,Yes,0,0
53,33.0,53.82,1776.06,2,Month-to-month,Credit card,DSL,No,0,0
49,56.0,69.57,3895.92,4,One year,Bank transfer,Fiber optic,Yes,0,0
21,27.0,94.63,2555.01,3,One year,Electronic check,Fiber optic,No,1,1
57,49.0,98.47,4825.03,3,Month-to-month,Mailed check,DSL,No,0,0
41,46.0,25.57,1176.22,2,One year,Electronic check,DSL,Yes,0,0
20,17.0,31.04,527.68,2,Month-to-month,Electronic check,DSL,No,0,1
39,19.0,83.26,1581.94,3,One year,Mailed check,Fiber optic,Yes,0,1
40,4.0,41.65,166.6,3,Month-to-month,Bank transfer,Fiber optic,No,1,1
22,10.0,90.79,907.9,4,Month-to-month,Mailed check,Fiber optic,Yes,0,1
69,31.0,73.08,2265.48,3,Month-to-month,Mailed check,DSL,Yes,0,1
29,34.0,28.95,984.3,4,Month-to-month,Electronic check,No,Yes,0,1
35,11.0,86.6,952.6,4,Month-to-month,Mailed check,Fiber optic,No,0,0
40,30.0,34.11,1023.3,1,Month-to-month,Credit card,No,Yes,0,0
61,43.0,53.88,2316.84,2,Month-to-month,Mailed check,DSL,No,0,1
56,16.0,64.17,1026.72,2,Month-to-month,Electronic check,Fiber optic,Yes,0,0
58,24.0,60.06,1441.44,1,Month-to-month,Credit card,No,Yes,0,1
30,26.0,74.89,1947.14,1,Month-to-month,Credit card,DSL,No,0,1
61,36.0,72.21,2599.56,4,One year,Electronic check,DSL,No,0,0
61,26.0,99.36,2583.36,2,Two year,Bank transfer,DSL,Yes,0,1
42,53.0,99.95,5297.35,1,Month-to-month,Bank transfer,DSL,Yes,0,1
46,23.0,61.32,1410.36,2,Two year,Bank transfer,Fiber optic,Yes,0,1
19,31.0,27.62,856.22,2,Month-to-month,Mailed check,DSL,No,0,1
57,27.0,78.23,2112.21,1,Month-to-month,Bank transfer,DSL,Yes,0,1
67,13.0,98.13,1275.69,1,One year,Credit card,Fiber optic,Yes,0,1
42,49.0,45.47,2228.03,4,One year,Bank transfer,DSL,No,0,0
46,16.0,56.9,910.4,4,Two year,Credit card,DSL,Yes,1,1
43,21.0,53.98,1133.58,2,Month-to-month,Electronic check,Fiber optic,Yes,0,1
22,57.0,24.11,1374.27,3,One year,Mailed check,DSL,No,0,0
50,68.0,73.78,5017.04,4,Month-to-month,Mailed check,DSL,Yes,0,1
55,48.0,48.27,2316.96,4,Month-to-month,Electronic check,DSL,Yes,0,0
66,65.0,83.0,5395.0,1,Month-to-month,Mailed check,DSL,Yes,0,0
66,61.0,86.57,5280.77,4,Two year,Bank transfer,Fiber optic,No,0,0
43,34.0,85.7,2913.8,1,Month-to-month,Electronic check,DSL,No,0,1
67,55.0,53.33,2933.15,1,Two year,Credit card,DSL,No,0,0
45,23.0,45.72,1051.56,2,One year,Electronic check,No,No,0,0
51,33.0,79.91,2637.03,3,One year,Electronic check,No,Yes,0,1
49,38.0,84.11,3196.18,1,One year,Credit card,DSL,Yes,0,0
69,69.0,59.3,4091.7,2,Two year,Electronic check,DSL,Yes,1,0
56,61.0,91.44,5577.84,2,Month-to-month,Electronic check,Fiber optic,Yes,0,0
24,35.0,31.51,1102.85,2,Month-to-month,Bank transfer,No,No,0,0
21,46.0,90.33,4155.18,4,One year,Electronic check,No,Yes,0,0
39,14.0,27.69,387.66,2,Month-to-month,Bank transfer,DSL,No,0,0
44,57.0,32.28,1839.96,1,Month-to-month,Bank transfer,DSL,No,0,0
52,39.0,62.71,2445.69,1,Month-to-month,Credit card,Fiber optic,Yes,0,0
43,38.0,25.4,965.2,1,Month-to-month,Bank transfer,No,No,0,0
44,55.0,24.22,1332.1,1,Month-to-month,Mailed check,No,No,0,0
65,45.0,20.04,901.8,3,Month-to-month,Mailed check,DSL,Yes,0,0
35,5.0,54.91,274.55,2,Two year,Electronic check,Fiber optic,Yes,0,1
43,20.0,81.97,1639.4,2,Month-to-month,Electronic check,DSL,Yes,1,1
46,12.0,22.79,273.48,4,Two year,Electronic check,Fiber optic,No,0,0
42,52.0,72.18,3753.36,3,Two year,Bank transfer,No,No,0,1
68,2.0,85.85,171.7,1,Month-to-month,Bank transfer,Fiber optic,Yes,0,1
68,14.0,33.44,468.16,2,One year,Electronic check,DSL,No,0,0
44,43.0,31.75,1365.25,2,One year,Mailed check,Fiber optic,Yes,1,0
41,50.0,88.86,4443.0,4,One year,Bank transfer,Fiber optic,Yes,0,1
48,36.0,85.85,3090.6,2,Month-to-month,Electronic check,No,Yes,0,1
27,61.0,63.12,3850.32,1,Month-to-month,Bank transfer,DSL,Yes,0,1
40,66.0,85.54,5645.64,3,Month-to-month,Bank transfer,No,Yes,0,0
29,9.0,27.42,246.78,2,One year,Bank transfer,DSL,Yes,0,1
25,68.0,51.56,3506.08,1,Two year,Credit card,DSL,Yes,1,0
22,44.0,79.02,3476.88,3,One year,Bank transfer,DSL,No,0,1
48,45.0,40.6,1827.0,1,One year,Electronic check,DSL,Yes,0,0
18,6.0,80.19,481.14,4,Two year,Electronic check,DSL,No,0,1
51,44.0,60.33,2654.52,4,One year,Mailed check,Fiber optic,No,0,1
40,52.0,80.02,4161.04,2,Month-to-month,Credit card,DSL,No,1,1
37,41.0,57.17,2343.97,3,Two year,Mailed check,DSL,Yes,0,1
58,6.0,49.43,296.58,3,Month-to-month,Mailed check,DSL,No,0,0
46,37.0,37.54,1388.98,3,Month-to-month,Bank transfer,DSL,Yes,0,0
56,67.0,36.67,2456.89,1,Month-to-month,Bank transfer,No,Yes,0,0
54,52.0,80.12,4166.24,2,Two year,Bank transfer,No,No,0,1
19,9.0,29.51,265.59,1,Month-to-month,Electronic check,DSL,Yes,0,1
29,69.0,26.88,1854.72,3,Month-to-month,Mailed check,Fiber optic,No,0,0
47,69.0,34.1,2352.9,1,Month-to-month,Electronic check,Fiber optic,Yes,0,0
68,12.0,34.03,408.36,3,Month-to-month,Electronic check,No,No,0,1
26,57.0,85.85,4893.45,3,Month-to-month,Electronic check,DSL,No,0,1
23,29.0,51.88,1504.52,4,One year,Credit card,DSL,No,0,1
66,42.0,99.23,4167.66,2,Two year,Electronic check,Fiber optic,No,0,1
68,32.0,30.98,991.36,1,Month-to-month,Credit card,No,No,0,1
26,56.0,72.28,4047.68,3,Month-to-month,Mailed check,Fiber optic,Yes,0,0
38,71.0,55.9,3968.9,1,Month-to-month,Mailed check,Fiber optic,Yes,1,0
50,57.0,51.43,2931.51,1,Month-to-month,Electronic check,DSL,Yes,0,1
28,67.0,90.01,6030.67,4,One year,Bank transfer,Fiber optic,No,0,0
34,68.0,98.05,6667.4,4,One year,Electronic check,No,No,0,1
38,6.0,89.83,538.98,3,One year,Electronic check,Fiber optic,No,0,1
51,18.0,35.38,636.84,4,Month-to-month,Electronic check,Fiber optic,No,0,0
34,51.0,37.66,1920.66,1,One year,Electronic check,Fiber optic,Yes,0,1
39,42.0,72.49,3044.58,1,Month-to-month,Credit card,Fiber optic,No,0,0
33,3.0,43.13,129.39,2,Month-to-month,Credit card,Fiber optic,No,0,1
57,6.0,78.78,472.68,1,Two year,Bank transfer,Fiber optic,Yes,1,1
25,37.0,65.31,2416.47,4,One year,Electronic check,No,Yes,0,1
29,44.0,64.07,2819.08,1,Two year,Bank transfer,Fiber optic,No,0,1
30,12.0,86.28,1035.36,3,Two year,Electronic check,DSL,Yes,0,1
65,12.0,76.84,922.08,4,One year,Bank transfer,Fiber optic,No,0,0
67,9.0,22.13,199.17,3,Two year,Mailed check,DSL,No,0,0
44,40.0,23.96,958.4,1,Month-to-month,Bank transfer,DSL,No,0,0
26,0.0,68.12,0.0,2,Month-to-month,Mailed check,DSL,No,0,1
57,41.0,58.9,2414.9,3,Month-to-month,Bank transfer,Fiber optic,No,0,1
43,34.0,40.81,1387.54,4,Month-to-month,Bank transfer,DSL,No,0,1
62,33.0,53.49,1765.17,2,Month-to-month,Electronic check,DSL,No,1,0
36,48.0,80.63,3870.24,2,Month-to-month,Bank transfer,Fiber optic,Yes,0,1
69,37.0,86.13,3186.81,4,One year,Credit card,DSL,No,0,0
59,52.0,64.9,3374.8,4,One year,Bank transfer,Fiber optic,No,0,0
29,55.0,50.83,2795.65,2,One year,Mailed check,No,No,0,0
55,66.0,41.66,2749.56,1,Month-to-month,Credit card,Fiber optic,Yes,0,0
32,57.0,61.75,3519.75,3,One year,Bank transfer,DSL,Yes,0,1
36,37.0,45.18,1671.66,4,Month-to-month,Electronic check,DSL,No,0,0
31,35.0,65.13,2279.55,4,Month-to-month,Electronic check,Fiber optic,Yes,0,0
53,16.0,74.13,1186.08,2,Month-to-month,Bank transfer,Fiber optic,Yes,0,1
31,43.0,25.29,1087.47,1,Month-to-month,Credit card,DSL,No,0,1
51,10.0,20.09,200.9,3,Month-to-month,Credit card,Fiber optic,Yes,0,1
48,67.0,36.98,2477.66,4,Two year,Bank transfer,Fiber optic,No,0,0
57,60.0,91.56,5493.6,4,One year,Mailed check,DSL,Yes,0,1
69,8.0,71.7,573.6,1,One year,Credit card,Fiber optic,Yes,0,1
18,56.0,33.76,1890.56,2,Month-to-month,Mailed check,DSL,No,0,0
69,8.0,91.22,729.76,2,Two year,Electronic check,DSL,Yes,0,1
23,51.0,57.6,2937.6,1,One year,Credit card,No,No,0,1
45,6.0,58.09,348.54,4,Month-to-month,Bank transfer,DSL,No,0,1
35,35.0,94.84,3319.4,1,One year,Credit card,Fiber optic,Yes,0,1
51,47.0,24.76,1163.72,3,Month-to-month,Mailed check,Fiber optic,No,0,0
55,52.0,37.21,1934.92,4,Month-to-month,Electronic check,DSL,Yes,1,0
62,30.0,66.86,2005.8,3,Month-to-month,Bank transfer,No,No,0,1
38,66.0,35.64,2352.24,4,Month-to-month,Bank transfer,DSL,Yes,0,0
66,55.0,74.36,4089.8,2,Month-to-month,Electronic check,DSL,Yes,0,1
34,14.0,37.13,519.82,4,Month-to-month,Credit card,No,Yes,0,1
28,48.0,27.93,1340.64,2,Month-to-month,Bank transfer,Fiber optic,No,0,0
37,52.0,36.56,1901.12,1,Two year,Credit card,Fiber optic,Yes,0,0
45,24.0,53.82,1291.68,2,Month-to-month,Electronic check,DSL,No,0,1
52,53.0,34.09,1806.77,2,Month-to-month,Electronic check,DSL,Yes,1,0
61,64.0,30.78,1969.92,3,Month-to-month,Bank transfer,Fiber optic,Yes,0,0
29,58.0,88.82,5151.56,2,Two year,Credit card,DSL,No,0,1
33,54.0,45.63,2464.02,2,One year,Bank transfer,DSL,Yes,0,1
66,45.0,48.86,2198.7,2,Two year,Mailed check,Fiber optic,Yes,0,0
40,19.0,24.42,463.98,2,Month-to-month,Credit card,DSL,No,0,0
30,57.0,48.59,2769.63,3,Month-to-month,Credit card,DSL,No,0,0
69,26.0,41.18,1070.68,2,One year,Credit card,DSL,Yes,0,0
41,38.0,68.84,2615.92,4,Month-to-month,Mailed check,Fiber optic,No,1,0
69,22.0,36.43,801.46,2,Two year,Credit card,Fiber optic,No,1,1
65,22.0,91.07,2003.54,4,Two year,Electronic check,No,Yes,0,1
65,11.0,94.37,1038.07,2,Month-to-month,Mailed check,DSL,No,0,1
48,69.0,27.99,1931.31,1,Two year,Electronic check,DSL,No,1,0
59,10.0,28.59,285.9,1,One year,Bank transfer,Fiber optic,No,0,1
67,6.0,29.23,175.38,4,Month-to-month,Credit card,Fiber optic,Yes,0,0
31,67.0,69.57,4661.19,4,Month-to-month,Credit card,Fiber optic,Yes,0,0
19,39.0,29.76,1160.64,1,Month-to-month,Credit card,No,No,1,0
34,31.0,88.19,2733.89,3,Two year,Mailed check,Fiber optic,No,1,1
51,53.0,80.34,4258.02,3,Month-to-month,Credit card,Fiber optic,Yes,0,1
46,27.0,85.58,2310.66,1,Month-to-month,Credit card,No,Yes,0,0
22,9.0,62.08,558.72,2,One year,Mailed check,DSL,No,0,1
47,52.0,99.73,5185.96,3,Month-to-month,Bank transfer,No,No,0,1
27,12.0,23.53,282.36,4,Month-to-month,Bank transfer,Fiber optic,Yes,1,0
44,39.0,52.1,2031.9,4,One year,Electronic check,Fiber optic,Yes,0,0
47,68.0,45.91,3121.88,1,Month-to-month,Electronic check,No,No,0,0
51,67.0,95.89,6424.63,1,Month-to-month,Mailed check,Fiber optic,No,0,1
39,25.0,66.15,1653.75,2,Month-to-month,Bank transfer,Fiber optic,No,0,1
39,56.0,84.5,4732.0,1,Month-to-month,Electronic check,DSL,No,1,1
53,44.0,33.63,1479.72,3,Month-to-month,Mailed check,Fiber optic,No,0,1
56,34.0,98.29,3341.86,1,One year,Bank transfer,Fiber optic,Yes,0,1
60,10.0,59.89,598.9,1,Two year,Bank transfer,DSL,Yes,0,0
35,27.0,59.49,1606.23,1,Month-to-month,Mailed check,Fiber optic,Yes,0,1
40,46.0,97.67,4492.82,2,Two year,Credit card,Fiber optic,Yes,0,0
35,71.0,50.46,3582.66,4,One year,Credit card,Fiber optic,No,0,0
45,0.0,51.8,0.0,1,One year,Electronic check,DSL,No,0,1
24,51.0,66.78,3405.78,4,One year,Mailed check,Fiber optic,Yes,0,1
40,60.0,30.24,1814.4,2,One year,Credit card,DSL,Yes,0,0
27,68.0,45.69,3106.92,1,Two year,Mailed check,DSL,Yes,0,0
45,30.0,35.46,1063.8,2,Month-to-month,Mailed check,Fiber optic,Yes,0,1
62,8.0,28.26,226.08,3,Month-to-month,Mailed check,DSL,Yes,0,0
69,19.0,89.29,1696.51,1,Month-to-month,Bank transfer,DSL,Yes,0,1
41,61.0,67.15,4096.15,1,Month-to-month,Bank transfer,Fiber optic,No,0,0
20,63.0,48.69,3067.47,4,One year,Electronic check,DSL,Yes,0,0
29,45.0,52.69,2371.05,3,Month-to-month,Credit card,No,No,0,1
23,8.0,54.52,436.16,2,Month-to-month,Mailed check,No,Yes,0,1
57,8.0,70.65,565.2,4,Month-to-month,Electronic check,Fiber optic,Yes,0,1
69,34.0,94.14,3200.76,4,Month-to-month,Bank transfer,No,No,1,0
46,42.0,94.62,3974.04,2,One year,Electronic check,No,No,0,0
27,2.0,51.32,102.64,3,One year,Electronic check,DSL,Yes,0,1
19,49.0,46.34,2270.66,1,Month-to-month,Electronic check,Fiber optic,Yes,1,1
68,39.0,56.08,2187.12,2,Month-to-month,Mailed check,DSL,Yes,0,0
34,0.0,65.43,0.0,3,Month-to-month,Mailed check,Fiber optic,Yes,1,1
23,6.0,56.95,341.7,1,Month-to-month,Mailed check,Fiber optic,No,0,1
27,32.0,72.7,2326.4,4,One year,Electronic check,DSL,Yes,1,1
31,52.0,64.35,3346.2,4,One year,Electronic check,DSL,Yes,1,0
52,59.0,45.66,2693.94,2,Month-to-month,Bank transfer,No,Yes,1,1
64,31.0,47.66,1477.46,2,Month-to-month,Credit card,DSL,Yes,0,0
32,21.0,50.29,1056.09,1,Two year,Bank transfer,DSL,Yes,0,0
53,69.0,27.57,1902.33,3,One year,Mailed check,DSL,Yes,0,0
21,33.0,33.29,1098.57,1,Month-to-month,Credit card,Fiber optic,No,0,1
18,22.0,77.85,1712.7,2,Month-to-month,Electronic check,No,Yes,0,0
20,31.0,51.13,1585.03,3,Month-to-month,Credit card,Fiber optic,Yes,1,0
66,0.0,37.16,0.0,3,Two year,Bank transfer,Fiber optic,No,0,1
48,21.0,65.01,1365.21,3,Month-to-month,Credit card,DSL,No,0,1
59,37.0,80.44,2976.28,1,Month-to-month,Electronic check,DSL,Yes,0,0
19,66.0,40.59,2678.94,4,Two year,Mailed check,Fiber optic,Yes,0,0
19,53.0,86.14,4565.42,3,One year,Mailed check,No,No,0,1
62,56.0,94.2,5275.2,4,Month-to-month,Electronic check,Fiber optic,Yes,0,1
23,39.0,67.79,2643.81,2,Month-to-month,Credit card,Fiber optic,No,0,1
26,7.0,73.52,514.64,4,Month-to-month,Electronic check,Fiber optic,Yes,1,1
44,28.0,24.21,677.88,2,One year,Credit card,Fiber optic,Yes,0,1
49,71.0,95.64,6790.44,4,Month-to-month,Bank transfer,Fiber optic,No,0,1
29,3.0,51.4,154.2,1,Two year,Electronic check,Fiber optic,Yes,0,1
41,63.0,93.91,5916.33,1,Two year,Electronic check,Fiber optic,No,1,1
53,49.0,66.32,3249.68,3,Month-to-month,Credit card,Fiber optic,No,1,1
41,20.0,20.37,407.4,3,One year,Mailed check,No,Yes,0,0
37,56.0,23.08,1292.48,3,Month-to-month,Bank transfer,Fiber optic,Yes,0,0
21,60.0,74.43,4465.8,2,Month-to-month,Mailed check,DSL,Yes,0,1
41,3.0,65.01,195.03,4,One year,Electronic check,DSL,No,0,0
59,7.0,22.12,154.84,2,Month-to-month,Electronic check,Fiber optic,Yes,0,0
50,47.0,79.48,3735.56,3,Month-to-month,Electronic check,Fiber optic,No,0,1
64,71.0,88.17,6260.07,4,Month-to-month,Mailed check,Fiber optic,No,0,1
24,1.0,59.71,59.71,3,Month-to-month,Credit card,Fiber optic,No,0,1
18,47.0,57.26,2691.22,3,Month-to-month,Electronic check,DSL,Yes,0,1
46,9.0,20.44,183.96,4,One year,Credit card,Fiber optic,Yes,1,1
27,46.0,82.93,3814.78,4,Two year,Bank transfer,Fiber optic,No,0,0
48,44.0,46.46,2044.24,2,One year,Mailed check,Fiber optic,No,0,0
65,6.0,90.3,541.8,2,Two year,Mailed check,Fiber optic,Yes,0,1
35,49.0,49.84,2442.16,1,Month-to-month,Bank transfer,DSL,No,1,0
46,64.0,65.21,4173.44,3,Two year,Bank transfer,Fiber optic,Yes,0,0
53,62.0,41.63,2581.06,4,Month-to-month,Electronic check,Fiber optic,No,0,0
25,2.0,32.85,65.7,2,Month-to-month,Bank transfer,No,No,0,1
64,17.0,81.99,1393.83,2,Two year,Credit card,Fiber optic,Yes,0,1
28,17.0,59.73,1015.41,1,Month-to-month,Bank transfer,DSL,Yes,1,0
60,32.0,62.92,2013.44,2,Month-to-month,Bank transfer,Fiber optic,Yes,0,1
52,10.0,97.23,972.3,1,Month-to-month,Electronic check,Fiber optic,Yes,0,1
25,61.0,97.09,5922.49,4,Month-to-month,Mailed check,DSL,Yes,0,1
55,55.0,88.45,4864.75,3,Month-to-month,Electronic check,No,No,0,0
28,58.0,35.01,2030.58,1,Month-to-month,Bank transfer,DSL,Yes,0,0
49,14.0,67.54,945.56,1,Two year,Electronic check,DSL,Yes,0,1
67,1.0,90.25,90.25,4,Month-to-month,Mailed check,DSL,Yes,0,1
67,65.0,49.96,3247.4,4,Month-to-month,Bank transfer,DSL,Yes,0,0
63,20.0,28.09,561.8,4,Month-to-month,Bank transfer,No,No,1,0
43,47.0,84.88,3989.36,1,Two year,Credit card,Fiber optic,Yes,1,1
47,65.0,58.54,3805.1,1,Month-to-month,Mailed check,DSL,No,1,0
33,2.0,65.15,130.3,1,Month-to-month,Mailed check,Fiber optic,Yes,0,1
65,0.0,98.57,0.0,4,Month-to-month,Credit card,Fiber optic,No,0,1
42,0.0,68.58,0.0,4,One year,Bank transfer,DSL,No,0,1
58,11.0,54.0,594.0,4,One year,Bank transfer,DSL,Yes,1,1
36,3.0,49.6,148.8,1,One year,Mailed check,Fiber optic,Yes,0,1
56,59.0,53.41,3151.19,1,One year,Credit card,DSL,No,0,1
29,43.0,29.47,1267.21,4,Month-to-month,Credit card,Fiber optic,No,0,1
56,70.0,83.58,5850.6,4,Month-to-month,Bank transfer,DSL,Yes,0,1
20,57.0,87.02,4960.14,3,Month-to-month,Electronic check,Fiber optic,No,1,1
23,69.0,42.75,2949.75,1,Month-to-month,Credit card,No,No,0,0
36,17.0,44.3,753.1,1,Month-to-month,Electronic check,DSL,No,0,1
43,20.0,89.95,1799.0,1,Month-to-month,Electronic check,DSL,Yes,0,1
54,61.0,21.92,1337.12,3,Month-to-month,Mailed check,No,No,0,0
36,17.0,61.64,1047.88,4,One year,Credit card,Fiber optic,No,0,1
18,4.0,57.09,228.36,3,Month-to-month,Credit card,Fiber optic,No,1,1
34,48.0,75.21,3610.08,2,One year,Credit card,DSL,Yes,0,1
40,57.0,33.07,1884.99,4,One year,Mailed check,DSL,No,0,0
46,69.0,73.47,5069.43,1,Month-to-month,Electronic check,Fiber optic,Yes,0,0
51,66.0,50.14,3309.24,4,Month-to-month,Electronic check,No,Yes,0,0
30,8.0,69.5,556.0,4,One year,Mailed check,DSL,Yes,0,0
49,55.0,23.21,1276.55,3,One year,Electronic check,Fiber optic,Yes,0,0
50,60.0,56.94,3416.4,4,Month-to-month,Credit card,Fiber optic,No,1,1
58,50.0,61.78,3089.0,3,Month-to-month,Electronic check,DSL,No,0,1
45,59.0,37.15,2191.85,2,One year,Electronic check,DSL,Yes,0,1
60,60.0,31.17,1870.2,2,One year,Credit card,DSL,Yes,0,0
29,32.0,35.08,1122.56,4,Month-to-month,Electronic check,Fiber optic,Yes,0,0
55,2.0,47.53,95.06,3,Month-to-month,Bank transfer,Fiber optic,No,0,0
20,32.0,27.74,887.68,1,Two year,Credit card,Fiber optic,Yes,1,1
23,14.0,95.79,1341.06,4,Month-to-month,Bank transfer,DSL,Yes,0,1
62,8.0,52.4,419.2,1,Two year,Bank transfer,Fiber optic,No,1,1
42,8.0,84.72,677.76,3,Month-to-month,Bank transfer,Fiber optic,No,0,1
50,50.0,97.95,4897.5,1,Month-to-month,Bank transfer,Fiber optic,Yes,0,1
49,36.0,26.46,952.56,3,Month-to-month,Electronic check,Fiber optic,Yes,0,1
54,38.0,72.13,2740.94,2,Month-to-month,Bank transfer,DSL,Yes,0,1
30,53.0,89.71,4754.63,2,Two year,Bank transfer,Fiber optic,No,1,0
27,39.0,70.74,2758.86,3,Month-to-month,Mailed check,Fiber optic,No,0,1
20,45.0,54.32,2444.4,4,Two year,Credit card,Fiber optic,Yes,0,1
62,6.0,54.49,326.94,2,Month-to-month,Bank transfer,DSL,Yes,0,1
29,61.0,22.87,1395.07,4,Two year,Credit card,Fiber optic,Yes,1,0
47,32.0,62.77,2008.64,2,Two year,Mailed check,Fiber optic,Yes,0,0
41,11.0,99.48,1094.28,1,One year,Credit card,DSL,No,0,1
26,58.0,96.7,5608.6,1,Month-to-month,Mailed check,No,Yes,0,1
39,52.0,23.23,1207.96,1,One year,Credit card,No,No,1,0
22,3.0,76.46,229.38,3,Month-to-month,Bank transfer,DSL,Yes,0,1
27,13.0,44.14,573.82,3,Two year,Electronic check,Fiber optic,No,0,1
25,1.0,92.24,92.24,2,Month-to-month,Mailed check,Fiber optic,Yes,1,1
60,19.0,23.61,448.59,2,Month-to-month,Credit card,No,No,0,1
47,7.0,94.87,664.09,4,Month-to-month,Credit card,DSL,Yes,0,1
66,51.0,87.0,4437.0,3,One year,Mailed check,DSL,Yes,0,1
40,37.0,29.4,1087.8,1,Two year,Bank transfer,Fiber optic,Yes,0,1
28,70.0,24.79,1735.3,1,Month-to-month,Credit card,DSL,No,0,0
49,53.0,86.78,4599.34,2,One year,Electronic check,Fiber optic,Yes,0,0
66,44.0,32.46,1428.24,2,Two year,Credit card,Fiber optic,Yes,0,0
45,36.0,62.79,2260.44,4,Month-to-month,Mailed check,DSL,No,0,1
18,3.0,93.26,279.78,3,Month-to-month,Mailed check,Fiber optic,No,0,1
33,5.0,65.4,327.0,4,One year,Mailed check,No,No,0,0
66,44.0,51.78,2278.32,3,One year,Bank transfer,Fiber optic,Yes,0,0
44,0.0,55.6,0.0,2,Month-to-month,Credit card,Fiber optic,Yes,0,1
67,3.0,25.05,75.15,3,Two year,Bank transfer,DSL,Yes,0,1
44,15.0,97.5,1462.5,3,Month-to-month,Bank transfer,DSL,Yes,0,1
18,63.0,44.85,2825.55,3,Two year,Mailed check,No,No,0,0
63,33.0,35.15,1159.95,1,Two year,Electronic check,Fiber optic,No,0,0
57,51.0,42.88,2186.88,3,Two year,Mailed check,Fiber optic,No,0,1
55,29.0,97.15,2817.35,2,Month-to-month,Mailed check,No,No,1,0
68,12.0,27.54,330.48,4,Month-to-month,Electronic check,DSL,Yes,0,1
28,26.0,89.38,2323.88,4,Month-to-month,Credit card,Fiber optic,No,0,1
65,6.0,76.63,459.78,3,Month-to-month,Credit card,DSL,No,0,1
30,55.0,86.4,4752.0,4,One year,Credit card,DSL,No,0,0
68,13.0,98.07,1274.91,3,Month-to-month,Electronic check,Fiber optic,No,0,1
27,27.0,87.37,2358.99,1,Month-to-month,Credit card,Fiber optic,Yes,0,1
46,70.0,95.47,6682.9,3,Month-to-month,Mailed check,No,Yes,1,0
59,42.0,30.15,1266.3,4,Month-to-month,Credit card,DSL,Yes,0,0
22,33.0,83.66,2760.78,1,Month-to-month,Mailed check,No,No,0,0
21,39.0,63.65,2482.35,1,One year,Electronic check,Fiber optic,Yes,0,1
62,56.0,63.48,3554.88,2,One year,Credit card,Fiber optic,Yes,0,0
21,18.0,91.91,1654.38,4,Month-to-month,Credit card,No,Yes,1,1
49,45.0,97.74,4398.3,3,Two year,Bank transfer,Fiber optic,Yes,0,1
66,62.0,76.39,4736.18,4,Two year,Bank transfer,Fiber optic,No,0,1
49,41.0,58.64,2404.24,4,Month-to-month,Bank transfer,DSL,No,0,1
43,32.0,56.51,1808.32,3,One year,Electronic check,DSL,No,0,1
39,10.0,50.91,509.1,3,Month-to-month,Credit card,No,Yes,0,1
51,17.0,48.93,831.81,2,Month-to-month,Credit card,Fiber optic,Yes,0,0
47,68.0,51.32,3489.76,1,Month-to-month,Electronic check,DSL,Yes,0,1
44,38.0,27.18,1032.84,2,Month-to-month,Mailed check,DSL,No,0,0
25,21.0,26.19,549.99,3,Two year,Bank transfer,Fiber optic,No,0,1
52,30.0,82.39,2471.7,1,Two year,Mailed check,Fiber optic,Yes,0,1
56,41.0,55.69,2283.29,1,Two year,Bank transfer,DSL,Yes,0,0
54,38.0,94.45,3589.1,1,One year,Bank transfer,Fiber optic,Yes,0,0
21,50.0,68.98,3449.0,3,One year,Credit card,Fiber optic,No,0,0
54,18.0,22.81,410.58,4,Two year,Bank transfer,Fiber optic,Yes,0,0
55,46.0,32.6,1499.6,4,Month-to-month,Bank transfer,DSL,No,1,1
27,31.0,36.47,1130.57,2,Month-to-month,Electronic check,Fiber optic,Yes,0,1
62,67.0,98.06,6570.02,3,One year,Credit card,DSL,Yes,0,1
45,11.0,37.5,412.5,4,Month-to-month,Credit card,Fiber optic,No,0,1
42,10.0,61.26,612.6,3,Month-to-month,Bank transfer,Fiber optic,No,0,1
55,33.0,94.89,3131.37,2,Month-to-month,Credit card,Fiber optic,No,1,1
44,36.0,98.18,3534.48,2,One year,Credit card,DSL,Yes,0,0
46,49.0,38.91,1906.59,3,Month-to-month,Electronic check,No,Yes,0,0
34,29.0,23.93,693.97,2,Month-to-month,Mailed check,DSL,No,1,0
66,65.0,32.29,2098.85,4,Month-to-month,Electronic check,Fiber optic,No,1,0
68,34.0,25.07,852.38,4,Month-to-month,Credit card,No,Yes,0,1
24,9.0,35.61,320.49,1,Two year,Mailed check,Fiber optic,No,0,1
56,8.0,65.49,523.92,3,Month-to-month,Electronic check,No,No,0,1
19,70.0,93.0,6510.0,2,One year,Electronic check,Fiber optic,No,0,0
37,9.0,62.98,566.82,3,One year,Credit card,Fiber optic,Yes,0,1
68,68.0,70.08,4765.44,2,Month-to-month,Electronic check,Fiber optic,No,0,0
27,20.0,36.15,723.0,2,Two year,Credit card,Fiber optic,No,0,1
37,6.0,84.05,504.3,2,One year,Electronic check,DSL,Yes,0,1
29,21.0,69.42,1457.82,1,One year,Credit card,Fiber optic,Yes,0,1
55,44.0,89.13,3921.72,4,Month-to-month,Mailed check,DSL,No,0,1
42,30.0,95.91,2877.3,1,Month-to-month,Credit card,No,Yes,0,1
48,56.0,47.83,2678.48,2,Two year,Electronic check,DSL,Yes,0,0
67,43.0,27.25,1171.75,1,One year,Credit card,DSL,Yes,0,0
45,28.0,38.07,1065.96,1,Two year,Electronic check,No,No,0,0
56,45.0,55.03,2476.35,2,Two year,Bank transfer,DSL,No,0,0
23,69.0,95.66,6600.54,4,Month-to-month,Mailed check,Fiber optic,No,0,1
29,29.0,50.26,1457.54,4,One year,Electronic check,Fiber optic,No,0,0
67,11.0,81.66,898.26,2,Month-to-month,Bank transfer,DSL,No,0,1
62,29.0,63.24,1833.96,3,One year,Credit card,DSL,Yes,0,1
52,60.0,34.62,2077.2,4,Month-to-month,Electronic check,Fiber optic,Yes,0,1
37,15.0,45.66,684.9,1,Month-to-month,Bank transfer,DSL,Yes,0,0
28,68.0,72.26,4913.68,4,One year,Credit card,DSL,Yes,0,0
62,42.0,73.83,3100.86,1,One year,Electronic check,DSL,Yes,1,1
58,43.0,54.78,2355.54,1,One year,Credit card,Fiber optic,No,0,1
30,22.0,38.29,842.38,2,Month-to-month,Credit card,DSL,Yes,0,1
48,66.0,77.75,5131.5,1,Month-to-month,Credit card,DSL,Yes,1,0
50,2.0,33.51,67.02,4,Two year,Bank transfer,Fiber optic,No,1,1
42,21.0,94.93,1993.53,4,Month-to-month,Credit card,Fiber optic,Yes,0,1
66,30.0,35.03,1050.9,2,Month-to-month,Credit card,DSL,No,0,0
24,34.0,28.58,971.72,4,One year,Bank transfer,DSL,No,1,1
31,34.0,59.81,2033.54,4,Month-to-month,Credit card,No,No,0,1
22,10.0,61.56,615.6,4,One year,Credit card,Fiber optic,No,0,1
54,16.0,60.66,970.56,4,Month-to-month,Bank transfer,Fiber optic,Yes,0,1
51,6.0,54.93,329.58,3,Two year,Credit card,Fiber optic,No,0,1
69,41.0,99.59,4083.19,1,Two year,Mailed check,DSL,Yes,0,1
46,25.0,58.9,1472.5,4,Two year,Bank transfer,No,No,0,1
25,40.0,58.24,2329.6,3,One year,Mailed check,No,No,0,0
41,42.0,53.74,2257.08,4,Month-to-month,Mailed check,No,No,0,0
22,50.0,25.35,1267.5,4,One year,Mailed check,DSL,Yes,0,0
52,39.0,67.44,2630.16,1,Two year,Electronic check,DSL,No,1,1
53,46.0,38.24,1759.04,2,One year,Bank transfer,DSL,No,0,0
62,42.0,71.01,2982.42,1,One year,Electronic check,DSL,No,1,1
35,46.0,24.07,1107.22,1,One year,Credit card,DSL,Yes,1,0
34,44.0,98.51,4334.44,4,One year,Mailed check,Fiber optic,No,0,1
21,22.0,57.52,1265.44,4,One year,Bank transfer,DSL,Yes,0,1
39,17.0,91.74,1559.58,4,Month-to-month,Credit card,No,Yes,0,1
42,56.0,58.04,3250.24,4,Month-to-month,Credit card,DSL,No,1,1
57,24.0,24.83,595.92,3,One year,Credit card,DSL,Yes,0,0
57,39.0,85.78,3345.42,3,Month-to-month,Credit card,No,Yes,0,0
25,14.0,71.85,1005.9,4,Two year,Electronic check,Fiber optic,No,1,1
32,31.0,82.54,2558.74,3,One year,Credit card,Fiber optic,No,0,1
44,38.0,54.25,2061.5,3,Month-to-month,Mailed check,Fiber optic,Yes,1,0
35,45.0,71.03,3196.35,1,Two year,Bank transfer,DSL,Yes,0,0
19,37.0,88.5,3274.5,3,One year,Electronic check,DSL,Yes,0,1
61,25.0,70.49,1762.25,4,One year,Bank transfer,Fiber optic,Yes,0,1
56,69.0,47.81,3298.89,3,Month-to-month,Credit card,Fiber optic,No,0,0
45,36.0,73.0,2628.0,2,Two year,Credit card,Fiber optic,Yes,0,1
